<?xml version="1.0" encoding="UTF-8"?>
<beans xmlns="http://www.springframework.org/schema/beans"
       xmlns:jee="http://www.springframework.org/schema/jee"
       xmlns:xsi="http://www.w3.org/2001/XMLSchema-instance"
       xmlns:aop="http://www.springframework.org/schema/aop"
       xsi:schemaLocation="http://www.springframework.org/schema/beans
                           http://www.springframework.org/schema/beans/spring-beans-3.2.xsd
                           http://www.springframework.org/schema/aop  
 						   http://www.springframework.org/schema/aop/spring-aop-3.2.xsd
                           http://www.springframework.org/schema/jee
                           http://www.springframework.org/schema/jee/spring-jee-3.0.xsd">
                    
           <bean id="defaultModule" class="hk.judiciary.fmk.common.application.AppModuleBean">
		    	<property name="moduleId" value="Application" />		    	   
		    	<property name="moduleClass" value="hk/judiciary/icmssvd/view/SvdModule.mxml" />
			</bean>	

			<bean id="flexModules" class="java.util.ArrayList">
			    <constructor-arg>
			        <list>
                		<ref bean="defaultModule" />			          
			        </list>
	    		</constructor-arg>
			</bean>
		
</beans>
                      
		

                      