<?xml version="1.0" encoding="UTF-8" ?>
<entity-mappings xmlns="http://java.sun.com/xml/ns/persistence/orm"
	xmlns:xsi="http://www.w3.org/2001/XMLSchema-instance"
	xsi:schemaLocation="http://java.sun.com/xml/ns/persistence/orm
                        http://java.sun.com/xml/ns/persistence/orm_2_0.xsd"
	version="2.0">

	<named-query name="HandlingAgt.findHandlingAgentList">
		<query>
        	<![CDATA[
	            SELECT h FROM HandlingAgt h 
	            WHERE h.effvStartDate<= :effvStartDate 
	            AND h.effvEndDate>= :effvEndDate 
	            AND h.activeFlag = :activeFlag
	            ORDER BY h.handlingAgtId
        	]]>
        </query>
	</named-query>
	
	<named-query name="HandlingAgt.findHandlingAgent">
		<query>
        	<![CDATA[
	            SELECT h FROM HandlingAgt h 
	            WHERE h.handlingAgtId = :handlingAgtId
        	]]>
        </query>
	</named-query>
	
	<named-query name="HandlingAgt.findHandlingAgentByCode">
		<query>
        	<![CDATA[
	            SELECT h FROM HandlingAgt h 
	            WHERE h.handlingAgtCd = :handlingAgtCd
	            AND h.effvStartDate<= :effvStartDate 
	            AND h.effvEndDate>= :effvEndDate 
	            AND h.activeFlag = :activeFlag
        	]]>
        </query>
	</named-query>

</entity-mappings>
