<?xml version="1.0" encoding="UTF-8" ?>
<entity-mappings xmlns="http://java.sun.com/xml/ns/persistence/orm"
	xmlns:xsi="http://www.w3.org/2001/XMLSchema-instance"
	xsi:schemaLocation="http://java.sun.com/xml/ns/persistence/orm
                        http://java.sun.com/xml/ns/persistence/orm_2_0.xsd"
	version="2.0">

	<named-query name="SpecialReqsType.findBySpecialRequestTypeCode">
		<query>
        	<![CDATA[
	            SELECT t FROM SpecialReqsType t 
	            WHERE t.effvStartDate<= :effvStartDate 
	            AND t.effvEndDate>= :effvEndDate 
	            AND t.activeFlag = :activeFlag
	            AND t.specialReqsTypeCd = :specialReqsTypeCd
        	]]>
        </query>
	</named-query>

	<named-query name="SpecialReqsType.findSpecialRequestTypeList">
		<query>
        	<![CDATA[
	            SELECT t FROM SpecialReqsType t 
	            WHERE t.effvStartDate<= :effvStartDate 
	            AND t.effvEndDate>= :effvEndDate 
	            AND t.activeFlag = :activeFlag
	            ORDER BY t.specialReqsTypeId
        	]]>
        </query>
	</named-query>

</entity-mappings>
