<?xml version="1.0" encoding="UTF-8" ?>
<entity-mappings xmlns="http://java.sun.com/xml/ns/persistence/orm"
	xmlns:xsi="http://www.w3.org/2001/XMLSchema-instance"
	xsi:schemaLocation="http://java.sun.com/xml/ns/persistence/orm
                        http://java.sun.com/xml/ns/persistence/orm_2_0.xsd"
	version="2.0">

	<named-query name="ProofOfServReqs.findPosRequest">
		<query>
        	<![CDATA[
	            SELECT p FROM ProofOfServReqs p 
	            LEFT JOIN FETCH p.reqs s
	            WHERE s.reqsId = :reqsId
	            ORDER BY p.proofOfServReqsId
        	]]>
        </query>
	</named-query>
	
	<named-query name="ProofOfServReqs.findPosRequestByServiceRequestId">
		<query>
        	<![CDATA[
	            SELECT p FROM ProofOfServReqs p 
	            LEFT JOIN FETCH p.servReqs r
	            WHERE r.servReqsId = :servReqsId
        	]]>
        </query>
	</named-query>

</entity-mappings>
