<?xml version="1.0" encoding="UTF-8" ?>
<entity-mappings xmlns="http://java.sun.com/xml/ns/persistence/orm"
	xmlns:xsi="http://www.w3.org/2001/XMLSchema-instance"
	xsi:schemaLocation="http://java.sun.com/xml/ns/persistence/orm
                        http://java.sun.com/xml/ns/persistence/orm_2_0.xsd"
	version="2.0">

	<named-query name="ReqsAddr.findPrimaryRequestAddressByRequestId">
		<query>
        	<![CDATA[
	            SELECT a FROM ReqsAddr a 
	            LEFT JOIN FETCH a.reqs r
	            WHERE r.reqsId = :reqsId
	            AND a.priAddrFlag = :activeFlag
	            ORDER BY a.reqsAddrId
        	]]>
        </query>
	</named-query>
	
	<named-query name="ReqsAddr.findRequestAddressListByRequestId">
		<query>
        	<![CDATA[
	            SELECT a FROM ReqsAddr a 
	            LEFT JOIN FETCH a.reqs r
	            WHERE r.reqsId = :reqsId
	            ORDER BY a.reqsAddrId
        	]]>
        </query>
	</named-query>

</entity-mappings>
