<?xml version="1.0" encoding="UTF-8" ?>
<entity-mappings xmlns="http://java.sun.com/xml/ns/persistence/orm"
	xmlns:xsi="http://www.w3.org/2001/XMLSchema-instance"
	xsi:schemaLocation="http://java.sun.com/xml/ns/persistence/orm
                        http://java.sun.com/xml/ns/persistence/orm_2_0.xsd"
	version="2.0">

	<named-query name="ServReqs.findServiceRequestByRequestId">
		<query>
        	<![CDATA[
	            SELECT r FROM ServReqs r 
	            LEFT JOIN FETCH r.reqs s
	            WHERE s.reqsId = :reqsId
	            ORDER BY r.servReqsId
        	]]>
        </query>
	</named-query>
	
	<named-query name="ServReqs.findLatestServiceRequestByCaseId">
		<query>
        	<![CDATA[
	            SELECT r FROM ServReqs r 
	            LEFT JOIN FETCH r.reqs s
	            LEFT JOIN FETCH s.vcase c
	            WHERE c.caseId = :caseId
	            ORDER BY s.submitDt DESC
        	]]>
        </query>
	</named-query>

</entity-mappings>
